subscriber_id,birthday,gender,handset_vendor,region,price_plan,price_plan_monthly_fee,ARPU
1,1975-04-19,"MALE","Huawei","Brestskaya","Plan1",20.712000,43.075200
2,1974-02-03,"MALE","Samsung","Minsk","Plan1",20.712000,20.712000
3,1968-03-09,"FEMALE","Huawei","Gomelskaya","Plan1",20.712000,20.712000
4,2001-02-12,"MALE","Xiaomi","Mogilevskaya","Plan3",12.312000,17.544000
5,1983-01-16,"MALE","Samsung","Minsk","Plan3",12.312000,12.312000
6,1990-06-04,"FEMALE","Samsung","Minsk","Plan1",20.712000,30.729600
7,1982-06-06,"FEMALE","Samsung","Minskaya","Plan1",20.712000,20.760000
8,1978-01-06,"FEMALE","Huawei","Gomelskaya","Plan3",12.312000,18.072000
9,1996-01-01,"FEMALE","Samsung","Gomelskaya","Plan1",20.712000,23.962000
10,1973-03-10,"FEMALE","Xiaomi","Gomelskaya","Plan3",12.312000,12.312000
11,1981-06-17,"MALE","Samsung","Gomelskaya","Plan1",20.712000,33.280000
12,1973-03-09,"FEMALE","Xiaomi","Brestskaya","Plan3",12.312000,18.051600
13,1958-03-17,"MALE","Huawei","Minsk","Plan1",20.712000,20.980800
14,1979-06-01,"MALE","Samsung","Minsk","Plan3",12.312000,19.752000
15,1961-03-05,"FEMALE","Samsung","Minskaya","Plan1",20.712000,43.112000
16,1995-01-01,"MALE","Xiaomi","Brestskaya","Plan1",20.712000,35.299200
17,1978-06-01,"FEMALE","Apple","Brestskaya","Plan2",14.808000,14.848000
18,1977-05-01,"FEMALE","Apple","Minskaya","Plan3",12.312000,20.832000
19,1969-01-07,"MALE","Xiaomi","Minskaya","Plan1",20.712000,20.712000
20,1986-02-20,"MALE","Xiaomi","Mogilevskaya","Plan3",12.312000,14.096000
21,2002-04-04,"MALE","Apple","Minsk","Plan2",14.808000,34.106000
22,1978-03-05,"FEMALE","Apple","Minsk","Plan3",12.312000,25.953600
23,1985-02-13,"FEMALE","Xiaomi","Grodnenskaya","Plan3",12.312000,22.166400
24,1980-03-03,"FEMALE","Apple","Gomelskaya","Plan3",12.312000,17.232000
25,1965-05-20,"FEMALE","Apple","Minskaya","Plan1",20.712000,23.899200
26,1976-04-01,"MALE","Apple","Minsk","Plan1",20.712000,23.144500
27,1971-07-08,"FEMALE","Apple","Mogilevskaya","Plan3",12.312000,28.504000
28,1991-04-07,"MALE","Huawei","Gomelskaya","Plan3",12.312000,32.545600
29,2001-02-06,"FEMALE","Apple","Vitebskaya","Plan2",14.808000,14.808000
30,1968-06-01,"FEMALE","Apple","Minsk","Plan3",12.312000,12.312000
31,1975-07-11,"FEMALE","Samsung","Mogilevskaya","Plan1",20.712000,37.865200
32,1975-03-06,"FEMALE","Apple","Minsk","Plan1",20.712000,20.712000
33,1993-06-05,"FEMALE","Apple","Minsk","Plan1",20.712000,43.520100
34,1954-03-05,"MALE","Apple","Mogilevskaya","Plan3",12.312000,18.784000
35,1999-06-17,"FEMALE","Apple","Minsk","Plan3",12.312000,22.224000
36,1997-01-02,"MALE","Apple","Minsk","Plan2",14.808000,25.520000
37,1959-03-09,"MALE","Samsung","Mogilevskaya","Plan3",12.312000,13.192000
38,1984-02-02,"FEMALE","Xiaomi","Grodnenskaya","Plan3",12.312000,16.704000
39,1964-04-09,"FEMALE","Samsung","Mogilevskaya","Plan3",12.312000,12.792000
40,1997-01-15,"MALE","Huawei","Brestskaya","Plan3",12.312000,28.102800
41,1999-02-20,"MALE","Samsung","Mogilevskaya","Plan3",12.312000,29.985600
42,1984-07-17,"MALE","Samsung","Minskaya","Plan1",20.712000,21.912000
43,1970-04-13,"MALE","Xiaomi","Minsk","Plan3",12.312000,15.792000
44,1982-03-13,"FEMALE","Huawei","Gomelskaya","Plan3",12.312000,12.312000
45,1989-04-06,"FEMALE","Huawei","Mogilevskaya","Plan1",20.712000,37.185600
46,1984-02-08,"FEMALE","Xiaomi","Gomelskaya","Plan1",20.712000,39.536000
47,1959-07-15,"FEMALE","Samsung","Minskaya","Plan3",12.312000,24.289600
48,1991-04-12,"MALE","Samsung","Minskaya","Plan1",20.712000,24.331200
49,1979-04-17,"MALE","Samsung","Minskaya","Plan1",20.712000,20.961600
50,1995-05-09,"MALE","Samsung","Minsk","Plan2",14.808000,20.192000
51,1984-01-17,"FEMALE","Samsung","Mogilevskaya","Plan1",20.712000,22.521600
52,1965-07-17,"FEMALE","Samsung","Minsk","Plan1",20.712000,30.120000
53,1999-05-12,"FEMALE","Samsung","Gomelskaya","Plan1",20.712000,21.273600
54,1999-04-02,"FEMALE","Samsung","Grodnenskaya","Plan3",12.312000,21.424000
55,1996-07-12,"MALE","Samsung","Gomelskaya","Plan2",14.808000,17.624000
56,1980-06-04,"MALE","Samsung","Minsk","Plan2",14.808000,19.032000
57,1984-07-15,"FEMALE","Samsung","Minsk","Plan3",12.312000,12.392000
58,1999-02-13,"MALE","Samsung","Minskaya","Plan1",20.712000,20.712000
59,1980-01-08,"FEMALE","Samsung","Gomelskaya","Plan3",12.312000,21.896000
60,1975-07-10,"FEMALE","Samsung","Minskaya","Plan1",20.712000,38.849600
61,1956-01-08,"MALE","Huawei","Brestskaya","Plan2",14.808000,35.572800
62,1985-03-15,"MALE","Huawei","Mogilevskaya","Plan1",20.712000,20.836800
63,1997-01-16,"MALE","Huawei","Minskaya","Plan2",14.808000,28.496000
64,1979-01-11,"FEMALE","Huawei","Gomelskaya","Plan1",20.712000,34.195600
65,1984-02-18,"FEMALE","Apple","Mogilevskaya","Plan2",14.808000,17.716800
66,1997-03-14,"FEMALE","Apple","Gomelskaya","Plan3",12.312000,28.382200
67,1977-01-01,"FEMALE","Xiaomi","Minsk","Plan3",12.312000,22.633600
68,1994-01-16,"MALE","Apple","Mogilevskaya","Plan1",20.712000,42.090900
69,1993-03-07,"FEMALE","Xiaomi","Minskaya","Plan1",20.712000,42.260800
70,1982-03-04,"MALE","Apple","Minskaya","Plan1",20.712000,21.432000
71,1974-02-16,"FEMALE","Apple","Mogilevskaya","Plan3",12.312000,12.932800
72,1983-02-09,"FEMALE","Xiaomi","Minsk","Plan4",11.232000,34.406400
73,1994-01-01,"FEMALE","Apple","Minsk","Plan1",20.712000,21.523200
74,1978-03-09,"MALE","Xiaomi","Gomelskaya","Plan1",20.712000,20.712000
75,1962-06-07,"MALE","Apple","Minsk","Plan1",20.712000,23.785600
76,1974-01-13,"MALE","Apple","Minsk","Plan1",20.712000,21.576000
77,1973-01-09,"FEMALE","Apple","Brestskaya","Plan3",12.312000,27.894400
78,1980-03-06,"MALE","Apple","Minsk","Plan3",12.312000,12.312000
79,1997-01-05,"FEMALE","Apple","Mogilevskaya","Plan2",14.808000,17.345600
80,1975-02-05,"FEMALE","Apple","Minskaya","Plan1",20.712000,28.276800
81,2000-04-14,"FEMALE","Xiaomi","Gomelskaya","Plan3",12.312000,12.312000
82,1980-05-09,"MALE","Apple","Mogilevskaya","Plan2",14.808000,19.816000
83,1985-01-11,"MALE","Xiaomi","Minskaya","Plan3",12.312000,16.744000
84,1999-03-07,"MALE","Apple","Mogilevskaya","Plan2",14.808000,14.848000
85,1985-03-05,"FEMALE","Xiaomi","Minsk","Plan1",20.712000,27.425600
86,1974-06-08,"FEMALE","Apple","Minsk","Plan1",20.712000,20.712000
87,1984-01-06,"MALE","Xiaomi","Mogilevskaya","Plan2",14.808000,14.808000
88,1982-05-05,"FEMALE","Apple","Gomelskaya","Plan3",12.312000,31.512000
89,1982-01-05,"FEMALE","Apple","Minskaya","Plan1",20.712000,20.774400
90,1986-04-03,"MALE","Apple","Minsk","Plan1",20.712000,38.745600
91,1988-06-11,"FEMALE","Xiaomi","Minskaya","Plan4",11.232000,17.723600
92,1975-04-08,"FEMALE","Apple","Mogilevskaya","Plan1",20.712000,49.332800
93,1998-01-01,"MALE","Apple","Minsk","Plan3",12.312000,12.312000
94,2001-04-08,"FEMALE","Apple","Minsk","Plan3",12.312000,24.043200
95,1979-02-03,"FEMALE","Apple","Minsk","Plan3",12.312000,12.782200
96,1983-02-05,"MALE","Apple","Mogilevskaya","Plan1",20.712000,34.211200
97,1982-04-01,"MALE","Apple","Minsk","Plan1",20.712000,29.281600
98,1983-03-17,"FEMALE","Xiaomi","Gomelskaya","Plan1",20.712000,27.492800
99,1978-04-07,"FEMALE","Apple","Mogilevskaya","Plan1",20.712000,22.920000
100,1991-01-18,"MALE","Xiaomi","Minsk","Plan1",20.712000,25.699200
101,1967-04-01,"MALE","Apple","Minsk","Plan2",14.808000,28.854400
102,1973-04-07,"MALE","Xiaomi","Minskaya","Plan1",20.712000,39.681600
103,1978-02-03,"MALE","Xiaomi","Mogilevskaya","Plan3",12.312000,18.704000
104,1979-02-07,"MALE","Apple","Gomelskaya","Plan3",12.312000,12.512000
105,1999-06-01,"MALE","Xiaomi","Minsk","Plan1",20.712000,23.145600
106,1984-06-08,"FEMALE","Apple","Minsk","Plan1",20.712000,25.112000
107,1986-02-01,"FEMALE","Xiaomi","Minsk","Plan1",20.712000,20.774400
108,1972-05-20,"MALE","Apple","Minsk","Plan2",14.808000,23.558000
109,1984-02-02,"MALE","Huawei","Mogilevskaya","Plan1",20.712000,40.392000
110,1973-06-11,"FEMALE","Apple","Minsk","Plan3",12.312000,20.438400
111,1998-02-17,"FEMALE","Huawei","Gomelskaya","Plan3",12.312000,14.142400
112,1998-04-01,"MALE","Huawei","Minsk","Plan2",14.808000,21.200000
113,1998-07-12,"MALE","Apple","Mogilevskaya","Plan3",12.312000,12.392000
114,1960-01-03,"FEMALE","Apple","Grodnenskaya","Plan3",12.312000,12.352000
115,1971-06-16,"FEMALE","Apple","Grodnenskaya","Plan3",12.312000,19.532800
116,1995-04-06,"FEMALE","Apple","Minsk","Plan1",20.712000,21.849600
117,1999-02-08,"FEMALE","Apple","Gomelskaya","Plan2",14.808000,14.848000
118,1968-04-08,"MALE","Xiaomi","Minskaya","Plan1",20.712000,31.870400
119,2001-03-05,"MALE","Apple","Minsk","Plan1",20.712000,20.712000
120,1946-04-06,"MALE","Xiaomi","Minskaya","Plan3",12.312000,44.500800
121,1977-02-14,"FEMALE","Apple","Mogilevskaya","Plan2",14.808000,16.008000
122,1973-02-03,"FEMALE","Xiaomi","Grodnenskaya","Plan3",12.312000,19.517600
123,1972-01-06,"FEMALE","Apple","Minsk","Plan1",20.712000,48.792000
124,1944-01-09,"MALE","Xiaomi","Minskaya","Plan1",20.712000,28.552000
125,1968-02-01,"FEMALE","Xiaomi","Gomelskaya","Plan2",14.808000,24.043200
126,1970-01-03,"MALE","Apple","Minsk","Plan2",14.808000,20.920000
127,1998-06-06,"MALE","Apple","Mogilevskaya","Plan3",12.312000,19.640000
128,1991-04-02,"FEMALE","Apple","Mogilevskaya","Plan1",20.712000,47.110400
129,1977-04-01,"MALE","Apple","Mogilevskaya","Plan1",20.712000,22.161000
130,1987-01-15,"FEMALE","Apple","Minsk","Plan3",12.312000,17.032000
131,1990-06-09,"FEMALE","Apple","Gomelskaya","Plan1",20.712000,37.708800
132,2001-02-03,"MALE","Apple","Mogilevskaya","Plan1",20.712000,21.128000
133,1977-01-03,"MALE","Apple","Minsk","Plan3",12.312000,13.112000
134,1983-03-06,"FEMALE","Apple","Minsk","Plan3",12.312000,26.008000
135,1991-01-02,"FEMALE","Apple","Mogilevskaya","Plan1",20.712000,41.905600
136,1997-02-07,"MALE","Apple","Minsk","Plan3",12.312000,15.929600
137,1978-01-11,"FEMALE","Apple","Vitebskaya","Plan3",12.312000,26.619200
138,1995-01-15,"FEMALE","Apple","Gomelskaya","Plan3",12.312000,12.312000
139,1980-01-11,"FEMALE","Apple","Minsk","Plan3",12.312000,13.393600
140,1976-04-06,"MALE","Apple","Minsk","Plan1",20.712000,20.784000
141,1986-05-02,"FEMALE","Apple","Minskaya","Plan3",12.312000,12.392000
142,1972-01-20,"MALE","Apple","Gomelskaya","Plan1",20.712000,32.584000
143,1964-03-09,"FEMALE","Apple","Minsk","Plan1",20.712000,21.072000
144,2000-04-08,"FEMALE","Apple","Mogilevskaya","Plan2",14.808000,20.334400
145,1987-01-01,"MALE","Apple","Minskaya","Plan2",14.808000,15.096000
146,1995-01-05,"FEMALE","Apple","Minsk","Plan2",14.808000,26.192000
147,1984-02-01,"FEMALE","Apple","Minsk","Plan3",12.312000,12.352000
148,2000-01-10,"MALE","Apple","Minsk","Plan2",14.808000,22.508800
149,1976-03-08,"FEMALE","Apple","Mogilevskaya","Plan1",20.712000,21.086400
150,1979-03-04,"MALE","Apple","Grodnenskaya","Plan3",12.312000,20.964800
151,1993-01-12,"MALE","Apple","Gomelskaya","Plan1",20.712000,32.523200
152,1998-02-09,"MALE","Apple","Minsk","Plan2",14.808000,16.910400
153,1961-06-04,"FEMALE","Apple","Minskaya","Plan3",12.312000,13.512000
154,1992-02-15,"MALE","Apple","Minsk","Plan1",20.712000,21.432000
155,2001-02-02,"MALE","Xiaomi","Minskaya","Plan1",20.712000,21.912000
156,1977-02-01,"MALE","Apple","Mogilevskaya","Plan1",20.712000,22.750400
157,1977-05-12,"FEMALE","Xiaomi","Minskaya","Plan2",14.808000,20.332800
158,1992-02-06,"MALE","Apple","Minsk","Plan1",20.712000,21.393600
159,1996-02-06,"MALE","Apple","Vitebskaya","Plan3",12.312000,17.032000
160,1971-02-15,"MALE","Apple","Gomelskaya","Plan3",12.312000,18.248000
161,1982-03-02,"MALE","Xiaomi","Minsk","Plan1",20.712000,21.268800
162,1977-07-21,"MALE","Apple","Minsk","Plan3",12.312000,15.104000
163,1950-03-11,"FEMALE","Xiaomi","Minsk","Plan1",20.712000,28.155200
164,1979-04-03,"FEMALE","Xiaomi","Gomelskaya","Plan1",20.712000,21.336000
165,1992-01-08,"MALE","Apple","Minskaya","Plan2",14.808000,16.288000
166,1960-03-06,"FEMALE","Xiaomi","Mogilevskaya","Plan3",12.312000,13.752000
167,1987-04-09,"FEMALE","Apple","Gomelskaya","Plan3",12.312000,12.561600
168,1989-03-08,"MALE","Xiaomi","Gomelskaya","Plan1",20.712000,20.712000
169,1971-04-01,"MALE","Apple","Minsk","Plan3",12.312000,17.504000
170,1979-04-01,"FEMALE","Xiaomi","Minsk","Plan3",12.312000,12.312000
171,1975-02-07,"MALE","Apple","Minsk","Plan3",12.312000,12.601600
172,1996-03-12,"FEMALE","Apple","Minsk","Plan3",12.312000,24.288000
173,1982-04-03,"MALE","Xiaomi","Minsk","Plan1",20.712000,39.568000
174,2000-07-19,"MALE","Apple","Gomelskaya","Plan2",14.808000,26.579200
175,1976-01-09,"FEMALE","Apple","Minskaya","Plan2",14.808000,14.808000
176,1973-06-15,"MALE","Xiaomi","Brestskaya","Plan3",12.312000,17.024000
177,1983-01-02,"MALE","Xiaomi","Gomelskaya","Plan3",12.312000,12.312000
178,1999-05-20,"FEMALE","Xiaomi","Mogilevskaya","Plan1",20.712000,32.240000
179,1996-04-19,"MALE","Apple","Gomelskaya","Plan3",12.312000,12.395200
180,1987-01-21,"FEMALE","Xiaomi","Minskaya","Plan1",20.712000,32.854400
181,1962-01-12,"MALE","Apple","Minsk","Plan1",20.712000,41.627600
182,1966-01-11,"FEMALE","Xiaomi","Minsk","Plan1",20.712000,20.860800
183,1983-01-07,"MALE","Xiaomi","Minsk","Plan1",20.712000,20.712000
184,1988-01-21,"FEMALE","Apple","Minsk","Plan1",20.712000,20.712000
185,2002-02-03,"MALE","Xiaomi","Gomelskaya","Plan2",14.808000,16.419200
186,1997-02-03,"MALE","Apple","Gomelskaya","Plan1",20.712000,21.460800
187,1987-01-16,"FEMALE","Xiaomi","Minsk","Plan3",12.312000,12.352000
188,1977-05-08,"FEMALE","Apple","Minsk","Plan3",12.312000,12.312000
189,1964-01-02,"MALE","Apple","Minskaya","Plan1",20.712000,21.082200
190,1973-04-12,"FEMALE","Xiaomi","Mogilevskaya","Plan3",12.312000,15.192000
191,1985-03-07,"FEMALE","Apple","Mogilevskaya","Plan3",12.312000,33.443200
192,1981-04-11,"FEMALE","Xiaomi","Minsk","Plan2",14.808000,15.048000
193,1982-02-07,"FEMALE","Apple","Mogilevskaya","Plan3",12.312000,15.881600
194,2000-06-07,"MALE","Apple","Minsk","Plan3",12.312000,12.312000
195,1978-03-07,"FEMALE","Xiaomi","Gomelskaya","Plan3",12.312000,12.312000
196,2000-04-19,"MALE","Apple","Minsk","Plan1",20.712000,29.016000
197,1982-02-13,"FEMALE","Xiaomi","Mogilevskaya","Plan2",14.808000,20.040000
198,1984-01-10,"MALE","Apple","Mogilevskaya","Plan1",20.712000,30.161600
199,1977-02-08,"FEMALE","Xiaomi","Minskaya","Plan3",12.312000,19.992000
200,1972-02-01,"FEMALE","Apple","Minsk","Plan1",20.712000,25.352000
201,1997-02-05,"MALE","Xiaomi","Minskaya","Plan1",20.712000,21.166400
202,1980-01-11,"FEMALE","Apple","Gomelskaya","Plan1",20.712000,22.166400
203,1975-04-16,"MALE","Xiaomi","Grodnenskaya","Plan3",12.312000,19.806400
204,1971-02-03,"MALE","Xiaomi","Minsk","Plan1",20.712000,33.299200
205,1976-03-05,"MALE","Apple","Minsk","Plan3",12.312000,12.312000
206,1982-01-11,"FEMALE","Apple","Gomelskaya","Plan1",20.712000,20.712000
207,1997-05-03,"MALE","Xiaomi","Minskaya","Plan1",20.712000,20.774400
208,2001-03-03,"FEMALE","Apple","Minsk","Plan1",20.712000,21.931200
209,1978-06-07,"MALE","Apple","Brestskaya","Plan3",12.312000,16.350800
210,1974-02-06,"FEMALE","Apple","Mogilevskaya","Plan1",20.712000,29.524400
211,1983-03-09,"FEMALE","Xiaomi","Grodnenskaya","Plan3",12.312000,25.992000
212,1981-02-08,"FEMALE","Xiaomi","Minskaya","Plan3",12.312000,24.352000
213,1996-03-16,"MALE","Apple","Mogilevskaya","Plan3",12.312000,12.312000
214,1984-04-07,"FEMALE","Xiaomi","Minsk","Plan1",20.712000,31.223600
215,1966-01-02,"MALE","Xiaomi","Mogilevskaya","Plan2",14.808000,27.182400
216,1977-04-03,"MALE","Apple","Gomelskaya","Plan2",14.808000,34.952000
217,1975-02-10,"FEMALE","Xiaomi","Grodnenskaya","Plan2",14.808000,30.760000
218,1970-03-02,"MALE","Apple","Minskaya","Plan1",20.712000,20.712000
219,1981-05-04,"FEMALE","Xiaomi","Minsk","Plan1",20.712000,44.034400
220,1964-06-20,"FEMALE","Apple","Gomelskaya","Plan3",12.312000,26.264000
221,1981-02-10,"MALE","Xiaomi","Minskaya","Plan3",12.312000,12.552000
222,1998-03-15,"MALE","Apple","Minsk","Plan1",20.712000,20.774400
223,1998-01-19,"MALE","Xiaomi","Gomelskaya","Plan3",12.312000,20.792000
224,1977-02-13,"MALE","Xiaomi","Gomelskaya","Plan1",20.712000,21.796800
225,1990-05-05,"FEMALE","Xiaomi","Minsk","Plan1",20.712000,39.592000
226,1978-03-11,"FEMALE","Apple","Mogilevskaya","Plan3",12.312000,15.424000
227,1978-04-01,"FEMALE","Apple","Minskaya","Plan1",20.712000,24.440000
228,1999-05-01,"MALE","Apple","Minsk","Plan3",12.312000,12.312000
229,1995-01-02,"MALE","Xiaomi","Minsk","Plan2",14.808000,22.328000
230,1974-03-06,"MALE","Apple","Minsk","Plan1",20.712000,20.712000
231,1988-02-01,"MALE","Apple","Gomelskaya","Plan1",20.712000,31.996800
232,1978-07-04,"FEMALE","Apple","Minsk","Plan3",12.312000,12.312000
233,1974-03-07,"MALE","Xiaomi","Brestskaya","Plan2",14.808000,20.800000
234,2000-05-17,"MALE","Apple","Gomelskaya","Plan1",20.712000,33.380800
235,2002-04-11,"FEMALE","Xiaomi","Grodnenskaya","Plan1",20.712000,24.905600
236,1995-01-12,"MALE","Apple","Minsk","Plan2",14.808000,16.865600
237,1973-07-02,"MALE","Xiaomi","Minsk","Plan1",20.712000,28.790400
238,1979-04-17,"FEMALE","Apple","Gomelskaya","Plan2",14.808000,24.696000
239,1983-07-03,"FEMALE","Xiaomi","Gomelskaya","Plan3",12.312000,17.504000
240,1957-06-04,"MALE","Apple","Minsk","Plan2",14.808000,37.792000
241,1995-01-03,"MALE","Xiaomi","Gomelskaya","Plan2",14.808000,37.851200
242,1997-07-08,"MALE","Apple","Minskaya","Plan3",12.312000,17.664000
243,1977-07-07,"FEMALE","Xiaomi","Mogilevskaya","Plan3",12.312000,12.312000
244,2000-02-11,"MALE","Xiaomi","Mogilevskaya","Plan2",14.808000,28.750000
245,1977-07-01,"FEMALE","Apple","Gomelskaya","Plan3",12.312000,14.712000
246,1981-05-21,"FEMALE","Apple","Grodnenskaya","Plan1",20.712000,26.832000
247,1976-07-04,"FEMALE","Apple","Brestskaya","Plan3",12.312000,12.352000
248,1969-01-03,"MALE","Apple","Grodnenskaya","Plan1",20.712000,20.836800
249,1988-05-04,"MALE","Xiaomi","Minskaya","Plan1",20.712000,40.467400
250,1988-06-01,"MALE","Xiaomi","Gomelskaya","Plan1",20.712000,37.768000
251,1980-01-08,"FEMALE","Apple","Minsk","Plan1",20.712000,23.219200
252,1992-01-03,"MALE","Xiaomi","Minsk","Plan1",20.712000,34.793600
253,1980-04-15,"MALE","Xiaomi","Gomelskaya","Plan3",12.312000,12.312000
254,1996-03-09,"MALE","Xiaomi","Brestskaya","Plan3",12.312000,35.108800
255,1979-06-06,"FEMALE","Apple","Gomelskaya","Plan1",20.712000,22.312000
256,1973-01-15,"FEMALE","Xiaomi","Brestskaya","Plan3",12.312000,38.020700
257,2000-03-02,"MALE","Apple","Mogilevskaya","Plan1",20.712000,28.366400
258,1991-02-08,"MALE","Xiaomi","Grodnenskaya","Plan1",20.712000,21.432000
259,1975-05-01,"FEMALE","Xiaomi","Minsk","Plan1",20.712000,24.712000
260,1972-05-01,"MALE","Xiaomi","Mogilevskaya","Plan3",12.312000,21.520000
261,1999-02-01,"MALE","Xiaomi","Minsk","Plan2",14.808000,14.808000
262,1966-05-14,"FEMALE","Apple","Minsk","Plan1",20.712000,28.214400
263,1979-02-19,"FEMALE","Apple","Minsk","Plan1",20.712000,20.712000
264,1969-03-09,"MALE","Xiaomi","Minskaya","Plan1",20.712000,41.232000
265,1985-03-09,"MALE","Apple","Minskaya","Plan3",12.312000,12.312000
266,1985-02-14,"FEMALE","Xiaomi","Minsk","Plan2",14.808000,14.928000
267,1975-03-04,"FEMALE","Xiaomi","Gomelskaya","Plan4",11.232000,36.964800
268,1998-03-16,"MALE","Xiaomi","Grodnenskaya","Plan3",12.312000,26.932800
269,1999-05-09,"MALE","Apple","Grodnenskaya","Plan3",12.312000,17.504000
270,1983-03-06,"MALE","Xiaomi","Minskaya","Plan1",20.712000,20.712000
271,1980-01-11,"MALE","Apple","Minskaya","Plan2",14.808000,15.408000
272,1984-04-13,"FEMALE","Apple","Mogilevskaya","Plan3",12.312000,12.432000
273,1987-01-05,"FEMALE","Xiaomi","Minsk","Plan3",12.312000,12.312000
274,1979-01-07,"MALE","Xiaomi","Gomelskaya","Plan2",14.808000,17.888000
275,1968-01-08,"FEMALE","Apple","Minsk","Plan3",12.312000,12.312000
276,1983-03-18,"MALE","Apple","Minskaya","Plan1",20.712000,45.068800
277,2002-02-14,"FEMALE","Apple","Minsk","Plan2",14.808000,14.848000
278,1984-05-04,"FEMALE","Xiaomi","Mogilevskaya","Plan1",20.712000,20.712000
279,1982-04-08,"FEMALE","Apple","Minskaya","Plan3",12.312000,17.504000
280,1988-04-02,"MALE","Apple","Mogilevskaya","Plan1",20.712000,29.011200
281,1980-05-03,"MALE","Apple","Brestskaya","Plan3",12.312000,12.312000
282,1987-07-02,"FEMALE","Apple","Gomelskaya","Plan1",20.712000,20.836800
283,1999-06-01,"FEMALE","Apple","Gomelskaya","Plan2",14.808000,16.768000
284,1988-02-05,"MALE","Xiaomi","Gomelskaya","Plan1",20.712000,20.836800
285,1999-01-05,"MALE","Xiaomi","Grodnenskaya","Plan3",12.312000,13.512000
286,1979-01-05,"MALE","Apple","Grodnenskaya","Plan3",12.312000,14.000000
287,1976-02-19,"FEMALE","Xiaomi","Mogilevskaya","Plan2",14.808000,14.952000
288,1982-03-03,"FEMALE","Apple","Minskaya","Plan1",20.712000,29.284800
289,1996-07-01,"FEMALE","Apple","Gomelskaya","Plan3",12.312000,12.456000
290,1981-07-08,"FEMALE","Apple","Minsk","Plan3",12.312000,12.312000
291,1967-04-12,"FEMALE","Xiaomi","Brestskaya","Plan1",20.712000,23.802800
292,1996-06-05,"MALE","Apple","Minsk","Plan3",12.312000,18.224000
293,1986-02-02,"FEMALE","Xiaomi","Minsk","Plan3",12.312000,17.470400
294,1966-03-03,"MALE","Apple","Minsk","Plan1",20.712000,22.459200
295,1969-06-07,"FEMALE","Xiaomi","Gomelskaya","Plan1",20.712000,27.960000
296,1973-01-01,"FEMALE","Apple","Minskaya","Plan1",20.712000,20.712000
297,1980-02-08,"MALE","Xiaomi","Brestskaya","Plan1",20.712000,35.592000
298,1974-01-14,"MALE","Apple","Minskaya","Plan1",20.712000,20.774400
299,1981-04-01,"FEMALE","Xiaomi","Mogilevskaya","Plan1",20.712000,22.276800
300,1966-01-07,"FEMALE","Apple","Minskaya","Plan2",14.808000,23.712000
301,2000-02-06,"FEMALE","Apple","Minskaya","Plan1",20.712000,41.668800
302,1974-01-06,"FEMALE","Apple","Gomelskaya","Plan1",20.712000,20.836800
303,1989-06-03,"FEMALE","Apple","Gomelskaya","Plan1",20.712000,20.899200
304,1982-04-07,"FEMALE","Huawei","Gomelskaya","Plan3",12.312000,13.552000
305,1997-02-07,"MALE","Apple","Gomelskaya","Plan2",14.808000,16.758200
306,1979-02-10,"FEMALE","Apple","Minskaya","Plan1",20.712000,21.398400
307,1976-01-02,"MALE","Apple","Minsk","Plan3",12.312000,17.032000
308,1982-01-15,"MALE","Huawei","Minsk","Plan1",20.712000,46.644800
309,1984-04-16,"FEMALE","Apple","Minskaya","Plan4",11.232000,16.363200
310,1983-02-04,"FEMALE","Huawei","Mogilevskaya","Plan3",12.312000,12.312000
311,1958-01-15,"MALE","Apple","Minsk","Plan3",12.312000,17.112000
312,1995-04-08,"FEMALE","Apple","Gomelskaya","Plan1",20.712000,33.112000
313,1979-07-15,"FEMALE","Huawei","Gomelskaya","Plan3",12.312000,12.312000
314,1993-02-05,"MALE","Apple","Minsk","Plan1",20.712000,20.712000
315,1970-03-13,"FEMALE","Apple","Grodnenskaya","Plan3",12.312000,14.912000
316,1987-03-06,"FEMALE","Huawei","Minsk","Plan2",14.808000,14.952000
317,1987-03-13,"MALE","Apple","Minsk","Plan1",20.712000,28.824000
318,1965-03-18,"MALE","Apple","Gomelskaya","Plan1",20.712000,23.352000
319,1982-07-06,"FEMALE","Huawei","Mogilevskaya","Plan1",20.712000,34.500800
320,1961-01-03,"FEMALE","Huawei","Brestskaya","Plan3",12.312000,16.392000
321,1999-01-12,"MALE","Apple","Gomelskaya","Plan3",12.312000,26.595200
322,1974-05-13,"MALE","Huawei","Minsk","Plan2",14.808000,14.808000
323,1991-03-04,"MALE","Apple","Minskaya","Plan1",20.712000,20.774400
324,1989-01-05,"MALE","Huawei","Minskaya","Plan1",20.712000,20.712000
325,1980-05-08,"FEMALE","Apple","Minsk","Plan1",20.712000,20.836800
326,1979-02-14,"FEMALE","Huawei","Mogilevskaya","Plan3",12.312000,12.536000
327,1977-01-19,"MALE","Apple","Minsk","Plan3",12.312000,14.112000
328,1954-04-03,"FEMALE","Apple","Minsk","Plan1",20.712000,27.326400
329,1989-05-20,"MALE","Apple","Gomelskaya","Plan1",20.712000,29.780800
330,1996-01-02,"FEMALE","Huawei","Minskaya","Plan1",20.712000,20.712000
331,1966-05-19,"FEMALE","Apple","Minsk","Plan1",20.712000,39.931200
332,1973-01-04,"MALE","Apple","Mogilevskaya","Plan1",20.712000,27.561600
333,1971-01-04,"MALE","Apple","Mogilevskaya","Plan3",12.312000,18.096000
334,1994-03-10,"MALE","Apple","Minsk","Plan1",20.712000,21.000000
335,1998-02-19,"FEMALE","Apple","Brestskaya","Plan2",14.808000,23.498000
336,1998-01-18,"FEMALE","Apple","Minsk","Plan2",14.808000,15.136000
337,1976-04-05,"MALE","Samsung","Minskaya","Plan3",12.312000,17.320000
338,1970-01-05,"MALE","Apple","Gomelskaya","Plan3",12.312000,13.193900
339,1998-06-01,"MALE","Samsung","Brestskaya","Plan3",12.312000,13.590400
340,1976-06-03,"MALE","Samsung","Minskaya","Plan1",20.712000,21.211200
341,1977-06-13,"MALE","Samsung","Brestskaya","Plan1",20.712000,20.712000
342,1998-07-10,"FEMALE","Apple","Minsk","Plan3",12.312000,14.744000
343,1971-01-08,"MALE","Apple","Minsk","Plan1",20.712000,23.360000
344,1987-01-12,"MALE","Samsung","Mogilevskaya","Plan1",20.712000,45.349700
345,1983-01-17,"MALE","Apple","Minsk","Plan3",12.312000,17.032000
346,1980-05-03,"MALE","Samsung","Mogilevskaya","Plan3",12.312000,24.112000
347,1993-07-19,"FEMALE","Apple","Gomelskaya","Plan1",20.712000,20.712000
348,1981-07-09,"FEMALE","Samsung","Minskaya","Plan1",20.712000,28.152000
349,1999-06-06,"MALE","Apple","Gomelskaya","Plan3",12.312000,25.292400
350,1974-01-03,"FEMALE","Apple","Minsk","Plan2",14.808000,19.528000
351,1987-01-03,"FEMALE","Huawei","Grodnenskaya","Plan1",20.712000,28.638400
352,1977-06-20,"FEMALE","Apple","Brestskaya","Plan3",12.312000,14.776000
353,2000-01-04,"MALE","Huawei","Vitebskaya","Plan3",12.312000,16.509200
354,1977-01-05,"MALE","Huawei","Minsk","Plan1",20.712000,22.507200
355,1997-04-03,"MALE","Apple","Minsk","Plan2",14.808000,15.246200
356,1999-06-01,"FEMALE","Apple","Minskaya","Plan3",12.312000,12.312000
357,1984-03-15,"MALE","Huawei","Brestskaya","Plan3",12.312000,12.312000
358,1979-01-01,"MALE","Apple","Minsk","Plan3",12.312000,12.312000
359,1956-02-12,"MALE","Huawei","Brestskaya","Plan3",12.312000,17.616000
360,1992-02-07,"MALE","Apple","Gomelskaya","Plan1",20.712000,20.836800
361,1959-04-03,"MALE","Apple","Grodnenskaya","Plan3",12.312000,14.640000
362,1985-03-12,"FEMALE","Huawei","Gomelskaya","Plan3",12.312000,12.312000
363,1992-07-08,"FEMALE","Apple","Minsk","Plan3",12.312000,16.203200
364,1998-04-19,"MALE","Huawei","Minskaya","Plan3",12.312000,33.585600
365,1960-03-01,"MALE","Apple","Minsk","Plan1",20.712000,20.712000
366,1971-01-08,"FEMALE","Apple","Grodnenskaya","Plan3",12.312000,14.256000
367,1970-04-18,"FEMALE","Huawei","Gomelskaya","Plan2",14.808000,14.888000
368,1998-04-01,"MALE","Huawei","Minsk","Plan1",20.712000,21.912000
369,2002-01-04,"MALE","Apple","Brestskaya","Plan1",20.712000,34.561600
370,1982-02-11,"FEMALE","Huawei","Grodnenskaya","Plan3",12.312000,12.312000
371,1970-01-03,"FEMALE","Apple","Vitebskaya","Plan1",20.712000,21.024000
372,1980-03-08,"MALE","Huawei","Mogilevskaya","Plan3",12.312000,16.075200
373,1978-04-06,"MALE","Apple","Minsk","Plan1",20.712000,26.049600
374,1979-01-17,"FEMALE","Huawei","Mogilevskaya","Plan1",20.712000,20.784000
375,1964-03-04,"MALE","Apple","Minsk","Plan3",12.312000,12.312000
376,2000-02-18,"FEMALE","Apple","Minsk","Plan3",12.312000,22.316800
377,1981-02-02,"MALE","Apple","Minsk","Plan1",20.712000,39.305600
378,1962-02-13,"FEMALE","Apple","Minskaya","Plan1",20.712000,21.000000
379,1962-02-05,"MALE","Apple","Gomelskaya","Plan1",20.712000,20.712000
380,1990-03-02,"MALE","Apple","Minskaya","Plan1",20.712000,20.774400
381,1984-03-01,"FEMALE","Huawei","Gomelskaya","Plan3",12.312000,12.312000
382,1997-06-04,"MALE","Apple","Minskaya","Plan1",20.712000,20.918400
383,1962-04-06,"FEMALE","Apple","Minskaya","Plan1",20.712000,20.712000
384,1985-02-01,"MALE","Huawei","Mogilevskaya","Plan4",11.232000,20.760000
385,2000-02-05,"MALE","Apple","Gomelskaya","Plan2",14.808000,15.088000
386,1992-03-08,"FEMALE","Huawei","Minsk","Plan1",20.712000,28.152000
387,1970-03-02,"FEMALE","Huawei","Gomelskaya","Plan1",20.712000,25.632000
388,1971-04-20,"MALE","Huawei","Minsk","Plan1",20.712000,32.952000
389,1987-05-05,"MALE","Apple","Mogilevskaya","Plan1",20.712000,20.980800
390,1979-06-20,"FEMALE","Huawei","Gomelskaya","Plan1",20.712000,40.392000
391,1974-03-18,"FEMALE","Apple","Minsk","Plan3",12.312000,12.456000
392,2001-02-01,"MALE","Apple","Minsk","Plan3",12.312000,26.664000
393,1984-01-05,"MALE","Huawei","Grodnenskaya","Plan3",12.312000,22.384000
394,1997-05-06,"MALE","Apple","Minskaya","Plan3",12.312000,12.312000
395,1979-07-02,"FEMALE","Apple","Gomelskaya","Plan3",12.312000,12.592000
396,1981-01-08,"FEMALE","Apple","Mogilevskaya","Plan1",20.712000,40.152000
397,1980-03-07,"FEMALE","Apple","Brestskaya","Plan3",12.312000,18.744000
398,1965-01-05,"MALE","Huawei","Mogilevskaya","Plan1",20.712000,25.636800
399,1994-02-20,"MALE","Apple","Minsk","Plan1",20.712000,20.836800
400,1984-01-09,"FEMALE","Huawei","Mogilevskaya","Plan1",20.712000,25.396800
401,1973-07-15,"FEMALE","Apple","Grodnenskaya","Plan2",14.808000,14.968000
402,1975-01-09,"MALE","Huawei","Minsk","Plan1",20.712000,35.592000
403,1978-01-04,"FEMALE","Apple","Minsk","Plan3",12.312000,19.400000
404,1972-02-09,"MALE","Huawei","Minsk","Plan3",12.312000,12.352000
405,1985-02-06,"FEMALE","Apple","Minsk","Plan1",20.712000,20.774400
406,1963-01-01,"MALE","Apple","Minsk","Plan4",11.232000,12.050000
407,2001-06-07,"FEMALE","Apple","Mogilevskaya","Plan3",12.312000,17.608000
408,1980-01-10,"MALE","Apple","Minskaya","Plan1",20.712000,20.712000
409,1999-04-01,"MALE","Apple","Minsk","Plan3",12.312000,16.435200
410,1973-01-02,"FEMALE","Apple","Minsk","Plan1",20.712000,22.563200
411,1945-04-16,"FEMALE","Xiaomi","Gomelskaya","Plan1",20.712000,21.076800
412,1972-05-14,"FEMALE","Apple","Mogilevskaya","Plan3",12.312000,23.604800
413,1982-04-09,"FEMALE","Apple","Minskaya","Plan1",20.712000,21.144000
414,1994-01-03,"MALE","Apple","Minskaya","Plan1",20.712000,21.950400
415,1985-03-10,"FEMALE","Xiaomi","Minsk","Plan1",20.712000,26.524600
416,1980-02-12,"FEMALE","Apple","Mogilevskaya","Plan3",12.312000,12.392000
417,1974-07-02,"FEMALE","Xiaomi","Mogilevskaya","Plan2",14.808000,30.808000
418,1987-04-18,"MALE","Apple","Minsk","Plan1",20.712000,20.774400
419,1992-02-16,"MALE","Apple","Minsk","Plan1",20.712000,22.488000
420,1984-03-12,"FEMALE","Xiaomi","Gomelskaya","Plan1",20.712000,20.836800
421,1999-04-19,"FEMALE","Xiaomi","Grodnenskaya","Plan2",14.808000,14.808000
422,1995-02-08,"FEMALE","Apple","Brestskaya","Plan3",12.312000,22.126400
423,1982-01-19,"FEMALE","Xiaomi","Mogilevskaya","Plan1",20.712000,24.827000
424,1996-01-17,"MALE","Apple","Minskaya","Plan3",12.312000,12.352000
425,1981-03-10,"FEMALE","Apple","Minsk","Plan4",11.232000,11.352000
426,1971-01-02,"FEMALE","Apple","Minsk","Plan1",20.712000,20.952000
427,1987-01-07,"FEMALE","Xiaomi","Minsk","Plan4",11.232000,26.681600
428,1996-05-20,"FEMALE","Apple","Mogilevskaya","Plan2",14.808000,18.052800
429,1969-04-01,"FEMALE","Apple","Brestskaya","Plan1",20.712000,33.985600
430,1998-03-06,"MALE","Apple","Gomelskaya","Plan2",14.808000,26.838400
431,1999-05-13,"MALE","Apple","Gomelskaya","Plan3",12.312000,14.904000
432,1975-03-05,"MALE","Xiaomi","Gomelskaya","Plan4",11.232000,47.541500
433,1958-04-02,"FEMALE","Apple","Minsk","Plan1",20.712000,24.168000
434,1991-06-19,"MALE","Apple","Minsk","Plan1",20.712000,20.899200
435,1983-01-20,"MALE","Xiaomi","Minskaya","Plan1",20.712000,20.836800
436,1981-01-04,"FEMALE","Apple","Mogilevskaya","Plan2",14.808000,15.843200
437,1966-03-06,"FEMALE","Xiaomi","Brestskaya","Plan3",12.312000,22.552000
438,1990-07-01,"FEMALE","Apple","Minsk","Plan1",20.712000,33.604800
439,1997-07-03,"MALE","Apple","Minsk","Plan1",20.712000,20.712000
440,1963-03-11,"FEMALE","Apple","Minsk","Plan1",20.712000,20.712000
441,2000-03-08,"MALE","Apple","Minsk","Plan1",20.712000,30.123200
442,1996-01-19,"MALE","Xiaomi","Mogilevskaya","Plan1",20.712000,20.784000
443,1985-04-03,"FEMALE","Apple","Minsk","Plan1",20.712000,37.851200
444,1978-01-07,"FEMALE","Xiaomi","Minsk","Plan1",20.712000,38.675200
445,1978-04-03,"FEMALE","Apple","Minskaya","Plan2",14.808000,15.672000
446,1948-03-13,"MALE","Apple","Minsk","Plan2",14.808000,14.808000
447,1975-06-02,"FEMALE","Apple","Gomelskaya","Plan3",12.312000,15.097600
448,1986-03-09,"FEMALE","Xiaomi","Minskaya","Plan1",20.712000,26.472000
449,1975-03-04,"MALE","Apple","Minsk","Plan1",20.712000,28.337600
450,1999-04-06,"MALE","Xiaomi","Minskaya","Plan1",20.712000,20.774400
451,1995-06-20,"FEMALE","Apple","Gomelskaya","Plan1",20.712000,20.712000
452,1986-01-18,"FEMALE","Xiaomi","Gomelskaya","Plan3",12.312000,17.504000
453,1962-03-07,"FEMALE","Apple","Minsk","Plan1",20.712000,22.296000
454,1984-03-06,"FEMALE","Xiaomi","Minskaya","Plan1",20.712000,21.974400
455,1965-02-14,"FEMALE","Apple","Minskaya","Plan2",14.808000,22.064000
456,1977-04-06,"FEMALE","Apple","Gomelskaya","Plan1",20.712000,24.691200
457,1984-01-02,"MALE","Apple","Minsk","Plan1",20.712000,22.161600
458,1989-01-11,"MALE","Xiaomi","Grodnenskaya","Plan1",20.712000,33.606400
459,1977-06-13,"FEMALE","Xiaomi","Minsk","Plan3",12.312000,12.392000
460,1996-03-02,"MALE","Xiaomi","Minsk","Plan1",20.712000,37.937600
461,1999-04-21,"MALE","Apple","Gomelskaya","Plan1",20.712000,21.793600
462,1991-01-10,"FEMALE","Samsung","Minsk","Plan2",14.808000,19.808000
463,1977-04-08,"MALE","Apple","Minsk","Plan1",20.712000,21.331200
464,1967-06-17,"MALE","Samsung","Mogilevskaya","Plan1",20.712000,23.222400
465,1963-03-17,"MALE","Samsung","Mogilevskaya","Plan1",20.712000,30.176000
466,1977-07-07,"FEMALE","Apple","Minskaya","Plan3",12.312000,17.032000
467,1976-07-15,"FEMALE","Apple","Minskaya","Plan3",12.312000,22.224000
468,1992-02-09,"MALE","Xiaomi","Minskaya","Plan1",20.712000,21.704000
469,1989-04-01,"MALE","Apple","Gomelskaya","Plan1",20.712000,32.635200
470,1985-01-06,"FEMALE","Xiaomi","Minsk","Plan1",20.712000,20.836800
471,1952-04-08,"MALE","Apple","Minsk","Plan1",20.712000,27.232000
472,1968-03-17,"FEMALE","Apple","Minskaya","Plan1",20.712000,32.422400
473,1983-04-09,"MALE","Xiaomi","Gomelskaya","Plan1",20.712000,36.979200
474,1987-06-07,"FEMALE","Apple","Minsk","Plan1",20.712000,29.156800
475,1977-06-01,"MALE","Apple","Minskaya","Plan2",14.808000,14.888000
476,1971-02-07,"FEMALE","Apple","Minsk","Plan2",14.808000,15.288000
477,2000-07-17,"MALE","Xiaomi","Brestskaya","Plan2",14.808000,30.424000
478,1960-02-07,"FEMALE","Apple","Minsk","Plan1",20.712000,20.712000
479,1970-04-08,"MALE","Xiaomi","Gomelskaya","Plan1",20.712000,26.627100
480,1964-01-07,"MALE","Apple","Gomelskaya","Plan1",20.712000,20.774400
481,1966-04-07,"FEMALE","Apple","Vitebskaya","Plan1",20.712000,21.763200
482,1980-01-20,"FEMALE","Xiaomi","Minsk","Plan1",20.712000,20.712000
483,2002-01-20,"MALE","Xiaomi","Gomelskaya","Plan3",12.312000,13.512000
484,1983-02-04,"MALE","Apple","Mogilevskaya","Plan1",20.712000,21.460800
485,1978-04-05,"MALE","Apple","Minsk","Plan1",20.712000,23.654400
486,1962-03-08,"FEMALE","Apple","Mogilevskaya","Plan3",12.312000,15.392000
487,1967-02-04,"MALE","Xiaomi","Minsk","Plan1",20.712000,20.712000
488,1979-06-03,"FEMALE","Xiaomi","Gomelskaya","Plan3",12.312000,12.352000
489,1966-04-05,"FEMALE","Apple","Minsk","Plan1",20.712000,24.331200
490,1988-02-06,"FEMALE","Xiaomi","Minskaya","Plan1",20.712000,37.448000
491,1960-01-08,"FEMALE","Xiaomi","Mogilevskaya","Plan1",20.712000,24.336400
492,1990-01-16,"MALE","Samsung","Minskaya","Plan1",20.712000,49.519500
493,2001-06-05,"MALE","Apple","Minsk","Plan3",12.312000,12.312000
494,1979-01-04,"FEMALE","Samsung","Minsk","Plan3",12.312000,23.304000
495,1981-05-09,"FEMALE","Apple","Minsk","Plan2",14.808000,14.992000
496,1978-05-15,"MALE","Huawei","Minskaya","Plan3",12.312000,12.312000
497,2000-06-15,"MALE","Apple","Minsk","Plan3",12.312000,13.504000
498,1984-03-09,"MALE","Huawei","Mogilevskaya","Plan3",12.312000,36.768000
499,1979-01-02,"MALE","Apple","Minskaya","Plan1",20.712000,20.712000
500,2000-06-09,"MALE","Huawei","Gomelskaya","Plan3",12.312000,13.809600
501,1971-06-14,"FEMALE","Huawei","Mogilevskaya","Plan3",12.312000,16.704000
502,1985-01-01,"FEMALE","Apple","Minsk","Plan1",20.712000,36.686400
503,1976-06-05,"MALE","Huawei","Minskaya","Plan1",20.712000,35.686800
504,2001-01-09,"FEMALE","Apple","Gomelskaya","Plan3",12.312000,13.512000
505,1999-01-08,"MALE","Apple","Minsk","Plan2",14.808000,15.448000
506,1982-04-01,"FEMALE","Huawei","Mogilevskaya","Plan2",14.808000,14.968000
507,1953-02-10,"FEMALE","Apple","Gomelskaya","Plan1",20.712000,29.876800
508,1999-01-03,"MALE","Huawei","Mogilevskaya","Plan1",20.712000,23.352000
509,1972-02-18,"FEMALE","Huawei","Minsk","Plan1",20.712000,41.544000
510,1982-06-15,"FEMALE","Apple","Grodnenskaya","Plan1",20.712000,21.000000
511,1981-03-04,"FEMALE","Huawei","Gomelskaya","Plan2",14.808000,27.608000
512,2000-02-15,"FEMALE","Apple","Grodnenskaya","Plan2",14.808000,19.728000
513,1988-04-09,"MALE","Apple","Minsk","Plan1",20.712000,27.617600
514,1977-04-03,"MALE","Apple","Mogilevskaya","Plan1",20.712000,25.352000
515,1998-04-20,"MALE","Apple","Mogilevskaya","Plan3",12.312000,42.915200
516,1999-03-20,"FEMALE","Apple","Mogilevskaya","Plan3",12.312000,17.800000
517,1976-01-16,"FEMALE","Apple","Minsk","Plan3",12.312000,27.624000
518,1988-02-16,"FEMALE","Apple","Minsk","Plan1",20.712000,22.440000
519,1971-05-21,"FEMALE","Apple","Gomelskaya","Plan3",12.312000,19.996800
520,1971-01-07,"MALE","Apple","Minskaya","Plan3",12.312000,12.312000
521,1953-01-02,"MALE","Apple","Grodnenskaya","Plan3",12.312000,20.004800
522,1998-04-08,"MALE","Apple","Minsk","Plan3",12.312000,20.652600
523,1982-04-03,"FEMALE","Apple","Gomelskaya","Plan3",12.312000,31.328000
524,1988-01-01,"MALE","Apple","Minsk","Plan1",20.712000,40.846400
525,1979-01-15,"FEMALE","Apple","Mogilevskaya","Plan2",14.808000,23.280000
526,1997-01-14,"MALE","Apple","Minsk","Plan2",14.808000,35.185600
527,2000-01-12,"MALE","Apple","Minsk","Plan1",20.712000,21.144000
528,1976-04-03,"MALE","Apple","Grodnenskaya","Plan1",20.712000,20.712000
529,1998-04-11,"MALE","Apple","Minskaya","Plan3",12.312000,12.352000
530,1960-01-20,"FEMALE","Apple","Minsk","Plan1",20.712000,22.283000
531,1974-04-06,"FEMALE","Apple","Gomelskaya","Plan3",12.312000,14.059200
532,1970-06-12,"FEMALE","Apple","Gomelskaya","Plan3",12.312000,12.352000
533,1993-01-02,"MALE","Apple","Minsk","Plan1",20.712000,33.812800
534,1980-03-10,"MALE","Apple","Minsk","Plan1",20.712000,29.352000
535,2001-05-07,"MALE","Apple","Gomelskaya","Plan1",20.712000,21.974400
536,1973-01-19,"FEMALE","Apple","Minsk","Plan1",20.712000,27.032000
537,1997-04-08,"FEMALE","Apple","Minsk","Plan1",20.712000,20.712000
538,1973-04-03,"MALE","Apple","Minsk","Plan1",20.712000,20.712000
539,1980-01-05,"MALE","Xiaomi","Minsk","Plan1",20.712000,23.136000
540,1956-02-01,"FEMALE","Apple","Gomelskaya","Plan1",20.712000,24.486400
541,1987-01-14,"MALE","Xiaomi","Minskaya","Plan1",20.712000,36.056000
542,1983-06-04,"FEMALE","Xiaomi","Grodnenskaya","Plan3",12.312000,12.312000
543,1970-04-08,"FEMALE","Apple","Minskaya","Plan3",12.312000,19.236800
544,1970-07-04,"FEMALE","Xiaomi","Minskaya","Plan1",20.712000,36.078400
545,1985-07-01,"FEMALE","Apple","Minskaya","Plan1",20.712000,23.451200
546,1979-01-02,"MALE","Apple","Minsk","Plan3",12.312000,12.392000
547,1971-03-17,"FEMALE","Xiaomi","Minskaya","Plan1",20.712000,21.331200
548,1979-02-14,"FEMALE","Apple","Gomelskaya","Plan3",12.312000,16.222400
549,1962-03-17,"FEMALE","Xiaomi","Grodnenskaya","Plan1",20.712000,44.299100
550,1981-01-04,"FEMALE","Apple","Minsk","Plan3",12.312000,36.192000
551,1998-06-01,"FEMALE","Apple","Minskaya","Plan2",14.808000,19.779200
552,1962-04-04,"FEMALE","Xiaomi","Minsk","Plan1",20.712000,40.880000
553,1975-06-10,"MALE","Apple","Minsk","Plan3",12.312000,13.320000
554,1981-01-01,"MALE","Xiaomi","Gomelskaya","Plan1",20.712000,29.136000
555,1985-04-17,"FEMALE","Apple","Minsk","Plan1",20.712000,23.249600
556,1980-03-12,"FEMALE","Xiaomi","Gomelskaya","Plan3",12.312000,18.441600
557,1996-01-20,"MALE","Apple","Gomelskaya","Plan1",20.712000,22.708800
558,1995-01-01,"FEMALE","Apple","Gomelskaya","Plan2",14.808000,27.208000
559,1964-04-05,"MALE","Apple","Gomelskaya","Plan1",20.712000,20.774400
560,1995-01-15,"FEMALE","Xiaomi","Grodnenskaya","Plan2",14.808000,25.572800
561,1975-01-07,"FEMALE","Apple","Grodnenskaya","Plan1",20.712000,34.024000
562,1975-01-06,"FEMALE","Apple","Mogilevskaya","Plan3",12.312000,12.600000
563,1984-01-03,"MALE","Apple","Minsk","Plan3",12.312000,20.715200
564,1977-01-14,"FEMALE","Apple","Minsk","Plan3",12.312000,17.072000
565,1979-01-08,"MALE","Xiaomi","Gomelskaya","Plan3",12.312000,12.312000
566,1999-04-17,"MALE","Apple","Minsk","Plan2",14.808000,14.808000
567,1981-05-03,"MALE","Huawei","Minskaya","Plan1",20.712000,22.200000
568,1976-07-01,"FEMALE","Huawei","Minskaya","Plan3",12.312000,12.312000
569,1985-03-06,"MALE","Huawei","Brestskaya","Plan3",12.312000,12.312000
570,1982-06-05,"MALE","Huawei","Minsk","Plan1",20.712000,25.872000
571,1999-05-06,"MALE","Apple","Minsk","Plan3",12.312000,17.943900
572,1976-06-02,"MALE","Apple","Minsk","Plan1",20.712000,20.712000
573,1979-04-13,"FEMALE","Huawei","Gomelskaya","Plan1",20.712000,25.716800
574,1976-07-08,"FEMALE","Apple","Mogilevskaya","Plan3",12.312000,12.712000
575,1991-01-17,"FEMALE","Huawei","Minskaya","Plan1",20.712000,21.211200
576,2002-02-08,"FEMALE","Huawei","Gomelskaya","Plan3",12.312000,13.647800
577,1978-02-08,"FEMALE","Huawei","Brestskaya","Plan3",12.312000,17.504000
578,1981-03-17,"FEMALE","Apple","Gomelskaya","Plan1",20.712000,23.867200
579,1982-03-10,"FEMALE","Huawei","Gomelskaya","Plan3",12.312000,15.602000
580,1996-02-07,"MALE","Apple","Minsk","Plan2",14.808000,22.745600
581,1995-01-10,"MALE","Apple","Gomelskaya","Plan3",12.312000,12.680000
582,2001-02-18,"MALE","Apple","Minsk","Plan2",14.808000,15.680000
583,2000-07-05,"FEMALE","Xiaomi","Minsk","Plan3",12.312000,12.312000
584,1978-03-10,"MALE","Xiaomi","Gomelskaya","Plan1",20.712000,20.774400
585,1987-05-17,"FEMALE","Apple","Minskaya","Plan2",14.808000,21.168000
586,1974-02-01,"MALE","Xiaomi","Mogilevskaya","Plan1",20.712000,36.437200
587,1953-02-12,"FEMALE","Xiaomi","Minsk","Plan3",12.312000,12.312000
588,1975-02-09,"MALE","Xiaomi","Minsk","Plan3",12.312000,18.472000
589,1974-01-03,"FEMALE","Xiaomi","Gomelskaya","Plan2",14.808000,15.488000
590,1998-02-05,"MALE","Apple","Minsk","Plan3",12.312000,32.686400
591,2000-01-20,"MALE","Apple","Minsk","Plan2",14.808000,40.884800
592,1980-01-08,"FEMALE","Apple","Minsk","Plan1",20.712000,20.712000
593,1953-07-09,"FEMALE","Apple","Minskaya","Plan3",12.312000,38.593600
594,1983-07-15,"FEMALE","Apple","Gomelskaya","Plan1",20.712000,43.800000
595,1981-03-03,"FEMALE","Apple","Gomelskaya","Plan1",20.712000,21.912000
596,1964-04-08,"MALE","Apple","Brestskaya","Plan1",20.712000,27.860800
597,1980-04-06,"FEMALE","Apple","Minsk","Plan3",12.312000,12.312000
598,1999-03-03,"FEMALE","Apple","Brestskaya","Plan3",12.312000,23.734400
599,2000-01-04,"MALE","Apple","Minsk","Plan3",12.312000,32.179200
600,1980-04-19,"MALE","Apple","Mogilevskaya","Plan3",12.312000,41.772800
601,2001-02-20,"MALE","Apple","Minsk","Plan2",14.808000,20.798400
602,1950-01-07,"FEMALE","Apple","Minsk","Plan3",12.312000,26.500800
603,2002-01-20,"MALE","Apple","Gomelskaya","Plan2",14.808000,15.240000
604,1996-02-16,"MALE","Apple","Gomelskaya","Plan3",12.312000,13.640000
605,1981-02-03,"FEMALE","Apple","Gomelskaya","Plan3",12.312000,12.312000
606,1977-04-01,"MALE","Apple","Minskaya","Plan3",12.312000,15.097600
607,2002-02-07,"FEMALE","Apple","Grodnenskaya","Plan3",12.312000,12.504000
608,1970-04-03,"MALE","Apple","Minskaya","Plan1",20.712000,28.401600
609,1998-04-08,"MALE","Apple","Gomelskaya","Plan1",20.712000,34.651200
610,1995-03-14,"MALE","Apple","Minsk","Plan1",20.712000,22.728000
611,1999-06-05,"FEMALE","Apple","Gomelskaya","Plan3",12.312000,29.136000
612,1979-04-08,"MALE","Apple","Minsk","Plan2",14.808000,17.328000
613,1971-03-03,"FEMALE","Apple","Minsk","Plan2",14.808000,29.696000
614,1999-01-06,"FEMALE","Apple","Minskaya","Plan2",14.808000,14.808000
615,1981-01-21,"MALE","Apple","Minsk","Plan3",12.312000,12.392000
616,1997-02-13,"MALE","Apple","Mogilevskaya","Plan1",20.712000,43.259200
617,1975-04-01,"FEMALE","Apple","Grodnenskaya","Plan3",12.312000,14.510400
618,1976-07-08,"FEMALE","Apple","Minsk","Plan2",14.808000,21.200000
619,1996-01-08,"MALE","Apple","Mogilevskaya","Plan1",20.712000,22.459200
620,1990-06-03,"FEMALE","Apple","Minskaya","Plan1",20.712000,39.716800
621,1953-02-01,"MALE","Apple","Grodnenskaya","Plan3",12.312000,35.550400
622,2000-02-15,"MALE","Apple","Mogilevskaya","Plan1",20.712000,23.620800
623,1972-02-07,"MALE","Apple","Gomelskaya","Plan1",20.712000,30.665600
624,1990-07-14,"FEMALE","Apple","Minsk","Plan1",20.712000,22.440000
625,1970-02-18,"FEMALE","Apple","Minsk","Plan1",20.712000,30.295300
626,1977-01-19,"MALE","Apple","Minsk","Plan3",12.312000,27.066000
627,1982-04-09,"FEMALE","Apple","Minsk","Plan2",14.808000,14.928000
628,1985-03-03,"FEMALE","Apple","Minskaya","Plan2",14.808000,27.168000
629,1981-05-04,"FEMALE","Apple","Minsk","Plan1",20.712000,20.774400
630,1971-05-01,"FEMALE","Apple","Minsk","Plan1",20.712000,25.306000
631,1950-04-03,"MALE","Apple","Minsk","Plan1",20.712000,29.331200
632,1971-03-03,"FEMALE","Apple","Minsk","Plan3",12.312000,12.312000
633,1974-05-03,"MALE","Apple","Minskaya","Plan3",12.312000,12.312000
634,1978-02-17,"FEMALE","Apple","Grodnenskaya","Plan2",14.808000,16.008000
635,1975-01-08,"FEMALE","Apple","Grodnenskaya","Plan1",20.712000,28.488000
636,1999-02-12,"FEMALE","Apple","Brestskaya","Plan3",12.312000,21.029100
637,1980-01-06,"FEMALE","Apple","Grodnenskaya","Plan3",12.312000,12.432000
638,1995-03-02,"FEMALE","Apple","Mogilevskaya","Plan3",12.312000,15.390400
639,2000-07-12,"MALE","Apple","Minsk","Plan1",20.712000,25.579200
640,1969-04-14,"MALE","Apple","Minskaya","Plan1",20.712000,20.961600
641,2001-04-19,"MALE","Apple","Minskaya","Plan1",20.712000,36.014400
642,1975-01-18,"FEMALE","Apple","Brestskaya","Plan2",14.808000,15.048000
643,1997-01-17,"MALE","Apple","Minsk","Plan2",14.808000,41.940800
644,1969-02-06,"MALE","Apple","Brestskaya","Plan1",20.712000,33.512000
645,1984-06-20,"FEMALE","Apple","Minsk","Plan1",20.712000,21.912000
646,2002-02-01,"FEMALE","Apple","Minskaya","Plan2",14.808000,16.008000
647,2000-01-01,"FEMALE","Apple","Gomelskaya","Plan2",14.808000,27.472000
648,1978-03-07,"FEMALE","Apple","Minsk","Plan3",12.312000,18.465600
649,1998-01-13,"FEMALE","Apple","Gomelskaya","Plan2",14.808000,16.024000
650,1992-04-01,"MALE","Apple","Minsk","Plan1",20.712000,24.312400
651,1970-01-03,"FEMALE","Samsung","Minsk","Plan1",20.712000,30.312000
652,1958-04-09,"MALE","Samsung","Gomelskaya","Plan3",12.312000,15.840000
653,1980-02-02,"MALE","Samsung","Minsk","Plan1",20.712000,39.404800
654,1990-02-07,"FEMALE","Apple","Minskaya","Plan1",20.712000,23.662400
655,1972-01-06,"FEMALE","Samsung","Vitebskaya","Plan1",20.712000,20.712000
656,1969-06-14,"MALE","Apple","Minsk","Plan1",20.712000,25.446400
657,1978-06-03,"MALE","Samsung","Minskaya","Plan1",20.712000,40.392000
658,1995-06-01,"MALE","Apple","Minsk","Plan3",12.312000,16.704000
659,1969-07-13,"MALE","Samsung","Minsk","Plan2",14.808000,20.048000
660,1976-01-20,"MALE","Apple","Minsk","Plan1",20.712000,24.932800
661,1973-02-16,"MALE","Samsung","Minskaya","Plan1",20.712000,20.712000
662,1981-06-09,"MALE","Apple","Mogilevskaya","Plan1",20.712000,20.712000
663,1989-01-12,"MALE","Samsung","Minskaya","Plan1",20.712000,20.712000
664,1995-05-02,"FEMALE","Apple","Mogilevskaya","Plan3",12.312000,16.721600
665,1971-03-09,"MALE","Apple","Brestskaya","Plan1",20.712000,27.022400
666,1982-07-20,"MALE","Huawei","Minsk","Plan1",20.712000,29.462000
667,1961-05-09,"MALE","Huawei","Minskaya","Plan1",20.712000,41.720000
668,1970-03-15,"MALE","Apple","Minsk","Plan1",20.712000,21.086400
669,1983-04-16,"FEMALE","Huawei","Minsk","Plan3",12.312000,22.104000
670,1968-05-12,"MALE","Apple","Minsk","Plan1",20.712000,25.470400
671,1989-02-11,"FEMALE","Apple","Minsk","Plan1",20.712000,35.212000
672,1976-02-21,"MALE","Huawei","Mogilevskaya","Plan3",12.312000,14.096000
673,1990-06-07,"FEMALE","Apple","Minsk","Plan1",20.712000,25.843200
674,1971-02-07,"MALE","Apple","Gomelskaya","Plan1",20.712000,23.358200
675,1999-05-01,"MALE","Huawei","Minsk","Plan1",20.712000,48.710400
676,1998-04-05,"MALE","Apple","Minsk","Plan3",12.312000,23.606400
677,1989-04-21,"FEMALE","Apple","Minsk","Plan3",12.312000,12.312000
678,1992-04-02,"FEMALE","Huawei","Minskaya","Plan1",20.712000,42.686700
679,2001-02-06,"FEMALE","Apple","Minsk","Plan2",14.808000,14.808000
680,1971-04-05,"FEMALE","Apple","Grodnenskaya","Plan1",20.712000,20.712000
681,1995-04-08,"FEMALE","Apple","Minsk","Plan1",20.712000,20.712000
682,2002-03-03,"FEMALE","Apple","Minskaya","Plan2",14.808000,20.840000
683,1976-06-03,"MALE","Huawei","Mogilevskaya","Plan2",14.808000,31.608000
684,2001-01-06,"FEMALE","Apple","Minsk","Plan2",14.808000,18.086400
685,1972-03-09,"FEMALE","Huawei","Minsk","Plan1",20.712000,28.152000
686,1975-06-02,"FEMALE","Apple","Grodnenskaya","Plan3",12.312000,27.620800
687,1980-03-12,"FEMALE","Apple","Minsk","Plan1",20.712000,30.992000
688,1972-06-13,"MALE","Apple","Minsk","Plan2",14.808000,14.848000
689,1955-04-07,"MALE","Apple","Minsk","Plan4",11.232000,19.091600
690,1964-07-15,"MALE","Apple","Minsk","Plan2",14.808000,14.808000
691,1982-02-18,"FEMALE","Huawei","Minskaya","Plan1",20.712000,24.700800
692,1988-01-07,"MALE","Apple","Minsk","Plan1",20.712000,20.712000
693,1977-06-02,"MALE","Apple","Mogilevskaya","Plan2",14.808000,14.808000
694,1991-03-10,"FEMALE","Apple","Gomelskaya","Plan1",20.712000,34.222400
695,1981-04-06,"FEMALE","Xiaomi","Mogilevskaya","Plan3",12.312000,13.312000
696,1979-04-10,"MALE","Apple","Minsk","Plan4",11.232000,13.561600
697,2001-03-12,"FEMALE","Apple","Vitebskaya","Plan3",12.312000,19.358400
698,1980-03-03,"MALE","Huawei","Minskaya","Plan1",20.712000,27.672000
699,1975-01-11,"MALE","Huawei","Gomelskaya","Plan3",12.312000,18.190400
700,1981-07-09,"FEMALE","Huawei","Mogilevskaya","Plan2",14.808000,16.572800
701,1997-02-16,"FEMALE","Apple","Mogilevskaya","Plan1",20.712000,21.000000
702,1993-02-03,"MALE","Huawei","Mogilevskaya","Plan1",20.712000,33.420800
703,1998-05-17,"FEMALE","Apple","Minsk","Plan3",12.312000,17.020800
704,1968-02-08,"MALE","Apple","Minsk","Plan1",20.712000,20.712000
705,1977-03-18,"FEMALE","Apple","Brestskaya","Plan4",11.232000,23.307200
706,1997-05-08,"FEMALE","Huawei","Gomelskaya","Plan3",12.312000,13.643200
707,1997-05-06,"FEMALE","Apple","Gomelskaya","Plan3",12.312000,38.280000
708,1995-07-11,"MALE","Apple","Minskaya","Plan1",20.712000,33.643200
709,1973-05-10,"FEMALE","Huawei","Gomelskaya","Plan1",20.712000,32.952000
710,1992-01-12,"FEMALE","Apple","Mogilevskaya","Plan1",20.712000,36.312000
711,1975-05-05,"FEMALE","Huawei","Gomelskaya","Plan1",20.712000,28.161600
712,1998-01-02,"FEMALE","Apple","Mogilevskaya","Plan3",12.312000,12.824000
713,1995-01-01,"FEMALE","Huawei","Mogilevskaya","Plan3",12.312000,12.312000
714,1987-05-16,"MALE","Apple","Brestskaya","Plan3",12.312000,12.352000
715,1997-02-06,"FEMALE","Apple","Minsk","Plan1",20.712000,20.712000
716,1996-01-07,"MALE","Huawei","Brestskaya","Plan2",14.808000,25.200000
717,1982-02-20,"FEMALE","Apple","Minsk","Plan2",14.808000,14.968000
718,1996-06-03,"FEMALE","Huawei","Mogilevskaya","Plan3",12.312000,19.712000
719,1977-07-12,"FEMALE","Apple","Brestskaya","Plan2",14.808000,19.568000
720,1976-01-03,"MALE","Huawei","Brestskaya","Plan3",12.312000,12.472000
721,1966-03-02,"MALE","Huawei","Mogilevskaya","Plan1",20.712000,20.736000
722,1979-07-03,"MALE","Apple","Mogilevskaya","Plan1",20.712000,21.144000
723,1978-05-06,"MALE","Huawei","Gomelskaya","Plan1",20.712000,27.912000
724,1976-06-20,"MALE","Apple","Grodnenskaya","Plan2",14.808000,45.179200
725,1966-02-19,"MALE","Apple","Minsk","Plan1",20.712000,20.736000
726,1985-03-18,"FEMALE","Huawei","Mogilevskaya","Plan1",20.712000,25.192000
727,1984-05-19,"FEMALE","Huawei","Brestskaya","Plan3",12.312000,15.769600
728,1972-06-01,"FEMALE","Apple","Minskaya","Plan2",14.808000,14.808000
729,1986-01-02,"FEMALE","Huawei","Brestskaya","Plan3",12.312000,12.312000
730,1992-02-04,"MALE","Huawei","Gomelskaya","Plan1",20.712000,29.824000
731,1954-07-11,"FEMALE","Apple","Gomelskaya","Plan1",20.712000,24.952000
732,1991-01-20,"FEMALE","Apple","Mogilevskaya","Plan1",20.712000,21.000000
733,1977-03-18,"FEMALE","Apple","Minskaya","Plan3",12.312000,12.312000
734,2002-01-15,"MALE","Samsung","Minskaya","Plan2",14.808000,15.128000
735,1983-01-10,"FEMALE","Apple","Minsk","Plan1",20.712000,21.432000
736,1986-07-04,"MALE","Xiaomi","Gomelskaya","Plan4",11.232000,11.355200
737,1978-07-21,"FEMALE","Apple","Gomelskaya","Plan2",14.808000,41.768000
738,1994-03-06,"MALE","Apple","Mogilevskaya","Plan1",20.712000,26.920000
739,1978-04-05,"MALE","Apple","Minsk","Plan1",20.712000,20.774400
740,1990-03-11,"FEMALE","Apple","Minsk","Plan1",20.712000,22.344000
741,2001-01-02,"MALE","Apple","Minsk","Plan1",20.712000,26.550400
742,1999-04-01,"FEMALE","Apple","Minsk","Plan3",12.312000,17.072000
743,2000-03-09,"FEMALE","Apple","Grodnenskaya","Plan2",14.808000,14.928000
744,1969-01-06,"FEMALE","Apple","Mogilevskaya","Plan3",12.312000,16.781400
745,1965-01-15,"MALE","Apple","Mogilevskaya","Plan1",20.712000,20.774400
746,1999-01-06,"MALE","Apple","Gomelskaya","Plan1",20.712000,22.833600
747,1986-04-05,"FEMALE","Apple","Minsk","Plan1",20.712000,22.094400
748,1970-03-05,"FEMALE","Apple","Gomelskaya","Plan3",12.312000,12.312000
749,1986-06-01,"MALE","Apple","Gomelskaya","Plan1",20.712000,20.712000
750,1999-05-21,"MALE","Xiaomi","Gomelskaya","Plan1",20.712000,20.712000
751,1999-01-13,"FEMALE","Apple","Minsk","Plan2",14.808000,15.260800
752,2000-04-18,"MALE","Huawei","Gomelskaya","Plan2",14.808000,16.104000
753,2000-02-08,"FEMALE","Apple","Minsk","Plan3",12.312000,18.086400
754,1970-03-02,"FEMALE","Apple","Vitebskaya","Plan1",20.712000,20.961600
755,1999-04-17,"MALE","Apple","Minsk","Plan3",12.312000,31.740800
756,1998-01-01,"FEMALE","Huawei","Minsk","Plan3",12.312000,12.352000
757,1987-02-19,"MALE","Apple","Minsk","Plan1",20.712000,21.355200
758,1991-06-09,"MALE","Huawei","Minsk","Plan1",20.712000,47.761600
759,1981-05-07,"MALE","Xiaomi","Minsk","Plan1",20.712000,20.712000
760,1995-01-03,"MALE","Apple","Grodnenskaya","Plan2",14.808000,27.304000
761,1978-04-08,"FEMALE","Apple","Mogilevskaya","Plan1",20.712000,26.312000
762,1999-01-07,"MALE","Xiaomi","Gomelskaya","Plan2",14.808000,14.952000
763,1977-01-02,"FEMALE","Apple","Minskaya","Plan1",20.712000,20.899200
764,1995-04-05,"FEMALE","Apple","Minsk","Plan1",20.712000,20.856000
765,1988-04-16,"FEMALE","Xiaomi","Minskaya","Plan1",20.712000,37.240000
766,1968-04-02,"MALE","Apple","Minsk","Plan3",12.312000,12.352000
767,2001-03-10,"MALE","Apple","Minsk","Plan1",20.712000,21.864000
768,1978-02-06,"FEMALE","Apple","Minsk","Plan3",12.312000,19.340800
769,2001-01-04,"MALE","Xiaomi","Brestskaya","Plan3",12.312000,12.312000
770,1983-03-05,"MALE","Xiaomi","Minsk","Plan1",20.712000,27.512000
771,1977-05-03,"MALE","Apple","Minsk","Plan1",20.712000,21.664000
772,1974-01-18,"FEMALE","Xiaomi","Grodnenskaya","Plan1",20.712000,21.124800
773,1999-01-17,"FEMALE","Apple","Gomelskaya","Plan2",14.808000,18.096000
774,1998-01-19,"FEMALE","Xiaomi","Minskaya","Plan1",20.712000,28.870800
775,1961-03-13,"FEMALE","Apple","Mogilevskaya","Plan1",20.712000,20.918400
776,1974-04-03,"MALE","Apple","Mogilevskaya","Plan1",20.712000,36.104000
777,2000-02-17,"MALE","Huawei","Minsk","Plan2",14.808000,35.126400
778,1978-02-09,"FEMALE","Apple","Mogilevskaya","Plan1",20.712000,23.316800
779,1983-06-02,"FEMALE","Apple","Grodnenskaya","Plan2",14.808000,17.288000
780,1970-03-08,"MALE","Huawei","Minskaya","Plan1",20.712000,32.908800
781,1978-01-18,"MALE","Huawei","Gomelskaya","Plan1",20.712000,20.712000
782,1987-01-16,"FEMALE","Apple","Minskaya","Plan4",11.232000,18.916800
783,1980-06-09,"FEMALE","Huawei","Gomelskaya","Plan3",12.312000,12.312000
784,1989-04-09,"MALE","Apple","Minsk","Plan1",20.712000,20.774400
785,1983-04-17,"FEMALE","Huawei","Minsk","Plan1",20.712000,24.352000
786,1996-01-14,"MALE","Apple","Minsk","Plan2",14.808000,20.864000
787,1999-01-03,"MALE","Apple","Minsk","Plan3",12.312000,12.312000
788,1977-01-06,"FEMALE","Huawei","Mogilevskaya","Plan1",20.712000,20.952000
789,1979-02-10,"FEMALE","Huawei","Minsk","Plan1",20.712000,29.462000
790,1990-01-01,"MALE","Apple","Minsk","Plan1",20.712000,30.360000
791,1983-04-04,"MALE","Apple","Minsk","Plan1",20.712000,20.712000
792,2000-04-20,"FEMALE","Apple","Minsk","Plan1",20.712000,20.774400
793,1961-01-01,"MALE","Huawei","Minskaya","Plan4",11.232000,23.737600
794,1998-01-04,"MALE","Apple","Minsk","Plan1",20.712000,36.852800
795,1995-02-06,"FEMALE","Huawei","Minsk","Plan3",12.312000,20.790400
796,1984-04-01,"FEMALE","Apple","Grodnenskaya","Plan3",12.312000,13.512000
797,1996-01-04,"MALE","Huawei","Minsk","Plan3",12.312000,14.203200
798,1988-03-04,"MALE","Huawei","Minskaya","Plan1",20.712000,20.712000
799,1973-05-08,"MALE","Apple","Minskaya","Plan1",20.712000,20.712000
800,2001-05-06,"FEMALE","Apple","Minskaya","Plan3",12.312000,12.977600
801,1997-03-09,"FEMALE","Apple","Mogilevskaya","Plan1",20.712000,20.836800
802,2000-06-02,"MALE","Apple","Gomelskaya","Plan2",14.808000,19.920000
803,2002-04-01,"MALE","Apple","Minsk","Plan1",20.712000,39.584000
804,1977-02-07,"FEMALE","Apple","Mogilevskaya","Plan2",14.808000,14.808000
805,1991-03-06,"MALE","Apple","Minsk","Plan1",20.712000,41.108800
806,1999-01-04,"MALE","Apple","Minsk","Plan2",14.808000,14.888000
807,1973-07-09,"FEMALE","Apple","Mogilevskaya","Plan2",14.808000,15.294400
808,1981-04-11,"FEMALE","Apple","Minsk","Plan3",12.312000,14.992000
809,1966-02-02,"FEMALE","Apple","Grodnenskaya","Plan3",12.312000,17.864000
810,1992-02-17,"MALE","Apple","Minskaya","Plan1",20.712000,21.288000
811,1980-04-08,"FEMALE","Apple","Minskaya","Plan1",20.712000,20.712000
812,1996-03-06,"FEMALE","Xiaomi","Minsk","Plan3",12.312000,12.552000
813,1981-04-14,"MALE","Apple","Minsk","Plan1",20.712000,20.712000
814,1983-02-09,"FEMALE","Apple","Minsk","Plan3",12.312000,12.312000
815,1999-03-04,"MALE","Apple","Grodnenskaya","Plan3",12.312000,34.504000
816,1996-07-09,"MALE","Apple","Gomelskaya","Plan2",14.808000,18.952000
817,1977-02-01,"FEMALE","Apple","Brestskaya","Plan3",12.312000,12.952000
818,1989-05-07,"MALE","Apple","Minsk","Plan1",20.712000,45.796800
819,1995-02-09,"FEMALE","Apple","Minsk","Plan1",20.712000,26.510400
820,1983-05-14,"MALE","Apple","Minsk","Plan1",20.712000,28.685600
821,1975-02-08,"FEMALE","Apple","Mogilevskaya","Plan1",20.712000,21.398400
822,2000-01-17,"FEMALE","Apple","Gomelskaya","Plan2",14.808000,20.240000
823,1988-03-02,"MALE","Apple","Brestskaya","Plan1",20.712000,24.859200
824,1979-01-02,"MALE","Apple","Minsk","Plan1",20.712000,21.211200
825,1986-02-05,"MALE","Apple","Minsk","Plan1",20.712000,43.081600
826,1983-04-10,"FEMALE","Apple","Minsk","Plan3",12.312000,18.512000
827,2000-04-11,"MALE","Apple","Mogilevskaya","Plan2",14.808000,15.088000
828,1982-03-10,"MALE","Apple","Minsk","Plan3",12.312000,17.552000
829,1998-01-08,"MALE","Apple","Grodnenskaya","Plan3",12.312000,26.576000
830,1971-02-01,"MALE","Apple","Minsk","Plan1",20.712000,35.977600
831,1967-06-17,"FEMALE","Apple","Minskaya","Plan1",20.712000,44.216000
832,1973-01-16,"FEMALE","Apple","Gomelskaya","Plan3",12.312000,12.744000
833,1984-03-08,"MALE","Apple","Minsk","Plan1",20.712000,20.712000
834,1981-01-20,"FEMALE","Apple","Gomelskaya","Plan3",12.312000,13.643200
835,1976-01-01,"MALE","Xiaomi","Gomelskaya","Plan1",20.712000,20.923200
836,1972-02-18,"MALE","Apple","Grodnenskaya","Plan1",20.712000,30.232000
837,1990-07-02,"FEMALE","Xiaomi","Minskaya","Plan1",20.712000,20.712000
838,1993-02-17,"MALE","Apple","Minsk","Plan1",20.712000,20.712000
839,1999-05-02,"MALE","Xiaomi","Minsk","Plan1",20.712000,21.585600
840,1988-05-11,"FEMALE","Apple","Minskaya","Plan1",20.712000,24.404800
841,1990-03-11,"FEMALE","Xiaomi","Minsk","Plan1",20.712000,22.584000
842,1983-03-08,"MALE","Apple","Minsk","Plan2",14.808000,16.598200
843,1979-02-07,"FEMALE","Xiaomi","Gomelskaya","Plan3",12.312000,13.822200
844,1971-04-12,"MALE","Apple","Gomelskaya","Plan2",14.808000,19.716800
845,1998-01-10,"FEMALE","Xiaomi","Grodnenskaya","Plan3",12.312000,21.554600
846,2001-05-02,"MALE","Xiaomi","Gomelskaya","Plan2",14.808000,19.112000
847,1960-07-02,"MALE","Apple","Minsk","Plan2",14.808000,14.848000
848,1969-06-01,"MALE","Xiaomi","Minskaya","Plan1",20.712000,24.638400
849,1968-01-10,"MALE","Apple","Minsk","Plan1",20.712000,20.712000
850,1980-02-21,"FEMALE","Xiaomi","Grodnenskaya","Plan2",14.808000,15.288000
851,1999-07-17,"FEMALE","Apple","Mogilevskaya","Plan2",14.808000,14.808000
852,1980-02-10,"FEMALE","Apple","Minsk","Plan2",14.808000,27.155200
853,1994-03-16,"MALE","Xiaomi","Gomelskaya","Plan1",20.712000,20.712000
854,1976-01-09,"FEMALE","Apple","Grodnenskaya","Plan3",12.312000,19.150400
855,1977-01-01,"FEMALE","Xiaomi","Mogilevskaya","Plan1",20.712000,28.990400
856,1974-01-13,"FEMALE","Apple","Mogilevskaya","Plan1",20.712000,23.416000
857,1977-01-04,"FEMALE","Xiaomi","Brestskaya","Plan2",14.808000,14.888000
858,1973-04-16,"MALE","Apple","Minsk","Plan2",14.808000,14.808000
859,1979-03-01,"FEMALE","Apple","Minsk","Plan3",12.312000,12.352000
860,2000-02-04,"FEMALE","Xiaomi","Mogilevskaya","Plan3",12.312000,12.312000
861,1971-02-07,"MALE","Xiaomi","Minsk","Plan2",14.808000,17.288000
862,1998-01-06,"FEMALE","Apple","Minsk","Plan3",12.312000,12.312000
863,1979-03-01,"MALE","Apple","Minsk","Plan1",20.712000,20.712000
864,1979-04-02,"MALE","Xiaomi","Gomelskaya","Plan1",20.712000,20.712000
865,1982-01-06,"MALE","Xiaomi","Minsk","Plan1",20.712000,23.832000
866,1986-02-02,"FEMALE","Apple","Minsk","Plan3",12.312000,26.472000
867,1999-05-13,"FEMALE","Apple","Grodnenskaya","Plan3",12.312000,17.774400
868,1976-04-06,"MALE","Apple","Brestskaya","Plan3",12.312000,12.744000
869,1967-01-11,"FEMALE","Apple","Gomelskaya","Plan1",20.712000,21.168000
870,1992-06-16,"MALE","Apple","Minsk","Plan1",20.712000,21.336000
871,1985-04-09,"FEMALE","Apple","Minskaya","Plan4",11.232000,20.104000
872,2000-04-05,"FEMALE","Apple","Minsk","Plan2",14.808000,15.360000
873,1975-04-04,"FEMALE","Apple","Gomelskaya","Plan3",12.312000,17.632000
874,1973-03-07,"FEMALE","Apple","Mogilevskaya","Plan1",20.712000,29.150400
875,1976-01-09,"FEMALE","Apple","Gomelskaya","Plan1",20.712000,21.288000
876,1974-02-03,"MALE","Apple","Minsk","Plan1",20.712000,21.843500
877,1980-03-21,"FEMALE","Apple","Minsk","Plan3",12.312000,13.184000
878,1983-04-10,"FEMALE","Apple","Mogilevskaya","Plan1",20.712000,23.035200
879,1999-05-05,"MALE","Apple","Minsk","Plan1",20.712000,21.273600
880,1967-04-20,"FEMALE","Apple","Grodnenskaya","Plan2",14.808000,15.960000
881,1975-04-08,"FEMALE","Apple","Mogilevskaya","Plan2",14.808000,14.920000
882,1981-02-06,"FEMALE","Apple","Minsk","Plan3",12.312000,12.432000
883,1960-02-01,"FEMALE","Apple","Minsk","Plan3",12.312000,17.552000
884,1968-02-04,"FEMALE","Apple","Minskaya","Plan1",20.712000,27.331200
885,1989-01-09,"FEMALE","Samsung","Minsk","Plan3",12.312000,12.552000
886,1974-05-04,"FEMALE","Apple","Minsk","Plan1",20.712000,20.712000
887,1974-03-18,"MALE","Huawei","Minsk","Plan1",20.712000,22.468800
888,1979-01-08,"MALE","Apple","Minskaya","Plan3",12.312000,12.312000
889,1953-07-08,"MALE","Huawei","Minskaya","Plan1",20.712000,25.080000
890,1996-04-19,"FEMALE","Huawei","Brestskaya","Plan3",12.312000,16.971200
891,1978-01-07,"FEMALE","Apple","Minsk","Plan2",14.808000,27.472000
892,1953-02-08,"FEMALE","Huawei","Minsk","Plan1",20.712000,20.712000
893,1975-06-03,"FEMALE","Apple","Mogilevskaya","Plan3",12.312000,29.619900
894,1995-03-18,"MALE","Apple","Minsk","Plan1",20.712000,35.592000
895,1997-03-02,"MALE","Apple","Gomelskaya","Plan3",12.312000,13.420800
896,1978-03-09,"MALE","Huawei","Grodnenskaya","Plan3",12.312000,22.368000
897,1999-02-19,"MALE","Apple","Gomelskaya","Plan1",20.712000,21.086400
898,1967-01-11,"MALE","Huawei","Minskaya","Plan1",20.712000,47.585600
899,1997-02-16,"FEMALE","Apple","Mogilevskaya","Plan1",20.712000,20.712000
900,1981-01-03,"MALE","Huawei","Minskaya","Plan1",20.712000,48.528000
901,1990-04-20,"MALE","Apple","Minskaya","Plan1",20.712000,27.492800
902,1974-02-02,"MALE","Huawei","Minsk","Plan2",14.808000,14.808000
903,2002-02-09,"FEMALE","Apple","Minskaya","Plan2",14.808000,14.808000
904,1990-03-01,"MALE","Huawei","Minskaya","Plan1",20.712000,26.552000
905,1997-02-04,"MALE","Apple","Minsk","Plan3",12.312000,23.665600
906,1990-01-10,"FEMALE","Apple","Minsk","Plan1",20.712000,21.396800
907,1990-04-16,"MALE","Apple","Minsk","Plan1",20.712000,21.521600
908,1992-05-19,"MALE","Huawei","Gomelskaya","Plan1",20.712000,34.276800
909,1996-04-07,"MALE","Apple","Gomelskaya","Plan2",14.808000,25.387200
910,1977-01-06,"FEMALE","Apple","Mogilevskaya","Plan3",12.312000,13.310400
911,1998-05-04,"FEMALE","Apple","Minsk","Plan3",12.312000,12.680000
912,1983-01-07,"FEMALE","Huawei","Minsk","Plan1",20.712000,32.476800
913,2000-05-06,"MALE","Apple","Gomelskaya","Plan3",12.312000,32.096000
914,1993-03-06,"MALE","Apple","Minsk","Plan1",20.712000,30.648000
915,1999-01-19,"MALE","Huawei","Gomelskaya","Plan1",20.712000,20.961600
916,1983-02-03,"MALE","Apple","Minsk","Plan1",20.712000,24.326800
917,1980-01-09,"FEMALE","Apple","Gomelskaya","Plan1",20.712000,20.712000
918,1998-02-02,"MALE","Huawei","Minsk","Plan2",14.808000,37.878000
919,1956-01-03,"FEMALE","Apple","Minsk","Plan1",20.712000,22.537600
920,1966-02-08,"MALE","Huawei","Minskaya","Plan3",12.312000,20.123200
921,1985-05-11,"FEMALE","Huawei","Minsk","Plan1",20.712000,21.710400
922,1977-01-08,"MALE","Apple","Minsk","Plan3",12.312000,12.977600
923,1995-03-04,"MALE","Huawei","Gomelskaya","Plan1",20.712000,29.974400
924,1980-03-19,"FEMALE","Apple","Minskaya","Plan3",12.312000,13.096000
925,1967-01-10,"FEMALE","Huawei","Minskaya","Plan3",12.312000,13.392000
926,1966-04-08,"FEMALE","Apple","Minsk","Plan1",20.712000,22.649600
927,1970-01-09,"FEMALE","Apple","Minsk","Plan3",12.312000,13.464000
928,1989-01-11,"FEMALE","Huawei","Mogilevskaya","Plan3",12.312000,12.632000
929,1995-04-01,"MALE","Apple","Minsk","Plan1",20.712000,21.148800
930,1985-07-08,"FEMALE","Apple","Gomelskaya","Plan3",12.312000,16.292800
931,2001-03-17,"MALE","Apple","Minsk","Plan1",20.712000,21.206400
932,1962-07-02,"FEMALE","Huawei","Minskaya","Plan2",14.808000,42.035200
933,1973-03-09,"MALE","Huawei","Minsk","Plan1",20.712000,22.251200
934,1977-04-15,"MALE","Apple","Mogilevskaya","Plan3",12.312000,12.432000
935,1985-01-17,"FEMALE","Apple","Minsk","Plan3",12.312000,12.312000
936,1986-06-07,"MALE","Samsung","Mogilevskaya","Plan1",20.712000,20.712000
937,2001-02-16,"MALE","Apple","Minsk","Plan1",20.712000,23.020800
938,1987-01-10,"FEMALE","Huawei","Minskaya","Plan3",12.312000,32.384000
939,1978-04-07,"MALE","Huawei","Minsk","Plan3",12.312000,14.308800
940,1996-04-07,"FEMALE","Huawei","Brestskaya","Plan3",12.312000,16.888000
941,1976-01-03,"FEMALE","Apple","Grodnenskaya","Plan3",12.312000,13.792000
942,1989-06-03,"FEMALE","Apple","Minsk","Plan1",20.712000,20.836800
943,1967-03-20,"MALE","Huawei","Brestskaya","Plan2",14.808000,18.952000
944,1960-01-05,"FEMALE","Huawei","Minsk","Plan1",20.712000,22.625600
945,1975-02-01,"MALE","Apple","Minsk","Plan1",20.712000,20.774400
946,1990-02-02,"MALE","Huawei","Grodnenskaya","Plan1",20.712000,20.712000
947,1999-05-08,"MALE","Apple","Grodnenskaya","Plan3",12.312000,38.260800
948,1984-03-04,"MALE","Apple","Minsk","Plan1",20.712000,22.961600
949,1975-02-05,"MALE","Huawei","Minskaya","Plan1",20.712000,35.937600
950,1997-04-07,"MALE","Apple","Gomelskaya","Plan1",20.712000,41.470000
951,1991-01-12,"FEMALE","Apple","Minsk","Plan1",20.712000,25.828800
952,1989-06-04,"FEMALE","Apple","Gomelskaya","Plan1",20.712000,27.409600
953,1991-04-03,"FEMALE","Apple","Minsk","Plan1",20.712000,20.712000
954,1979-02-08,"MALE","Samsung","Minskaya","Plan3",12.312000,24.552000
955,1947-02-01,"FEMALE","Apple","Minsk","Plan3",12.312000,12.752000
956,1986-01-13,"FEMALE","Apple","Mogilevskaya","Plan3",12.312000,15.512000
957,1971-02-08,"MALE","Samsung","Minsk","Plan1",20.712000,20.774400
958,1995-03-09,"MALE","Apple","Minsk","Plan2",14.808000,23.128000
959,1997-06-04,"MALE","Apple","Minsk","Plan2",14.808000,21.616000
960,1982-01-01,"FEMALE","Samsung","Grodnenskaya","Plan3",12.312000,12.312000
961,1980-01-02,"MALE","Apple","Minsk","Plan1",20.712000,25.632000
962,1965-03-08,"MALE","Samsung","Minskaya","Plan1",20.712000,30.280000
963,1996-01-01,"MALE","Samsung","Gomelskaya","Plan3",12.312000,12.592000
964,1978-07-04,"FEMALE","Apple","Minskaya","Plan1",20.712000,20.836800
965,1977-01-11,"MALE","Samsung","Minsk","Plan2",14.808000,22.248000
966,2000-01-21,"MALE","Apple","Minsk","Plan3",12.312000,13.430400
967,1977-01-20,"MALE","Apple","Mogilevskaya","Plan2",14.808000,20.880000
968,1999-01-08,"MALE","Apple","Mogilevskaya","Plan3",12.312000,12.552000
969,1995-02-21,"FEMALE","Apple","Grodnenskaya","Plan3",12.312000,21.176000
970,1984-02-05,"FEMALE","Huawei","Minsk","Plan3",12.312000,16.888000
971,1981-03-14,"FEMALE","Apple","Minsk","Plan1",20.712000,22.848000
972,1980-02-19,"FEMALE","Huawei","Mogilevskaya","Plan1",20.712000,48.084800
973,1989-04-05,"FEMALE","Huawei","Minsk","Plan1",20.712000,29.667200
974,1975-03-02,"MALE","Apple","Minsk","Plan2",14.808000,19.025600
975,1981-01-01,"MALE","Huawei","Minskaya","Plan1",20.712000,39.758400
976,2000-01-12,"MALE","Apple","Minsk","Plan3",12.312000,14.931200
977,1996-03-14,"FEMALE","Apple","Brestskaya","Plan2",14.808000,27.163200
978,1970-01-15,"MALE","Huawei","Minskaya","Plan1",20.712000,21.912000
979,1977-01-01,"MALE","Xiaomi","Grodnenskaya","Plan3",12.312000,18.249600
980,1978-06-16,"FEMALE","Xiaomi","Brestskaya","Plan3",12.312000,12.392000
981,1976-03-04,"MALE","Apple","Minsk","Plan2",14.808000,24.600000
982,2002-02-21,"FEMALE","Huawei","Gomelskaya","Plan3",12.312000,25.184000
983,1981-02-03,"MALE","Apple","Minsk","Plan2",14.808000,22.248000
984,1995-05-05,"MALE","Apple","Brestskaya","Plan3",12.312000,12.600000
985,1983-01-16,"FEMALE","Huawei","Grodnenskaya","Plan3",12.312000,15.712000
986,1998-07-08,"MALE","Apple","Grodnenskaya","Plan2",14.808000,30.793600
987,1971-01-03,"FEMALE","Apple","Gomelskaya","Plan1",20.712000,21.398400
988,1994-07-10,"MALE","Apple","Minsk","Plan1",20.712000,27.908800
989,1980-02-02,"FEMALE","Apple","Grodnenskaya","Plan3",12.312000,13.632000
990,1983-01-15,"MALE","Apple","Minsk","Plan3",12.312000,12.851200
991,1994-02-09,"MALE","Apple","Mogilevskaya","Plan1",20.712000,28.099200
992,1985-03-09,"FEMALE","Apple","Minsk","Plan3",12.312000,12.352000
993,1998-03-03,"MALE","Apple","Grodnenskaya","Plan1",20.712000,30.529600
994,1995-05-04,"MALE","Apple","Minsk","Plan1",20.712000,22.872000
995,1974-02-06,"MALE","Apple","Grodnenskaya","Plan1",20.712000,20.836800
996,1996-03-05,"MALE","Apple","Minsk","Plan3",12.312000,24.043200
997,2000-03-03,"FEMALE","Apple","Minskaya","Plan3",12.312000,17.544000
998,1997-01-03,"MALE","Apple","Minsk","Plan2",14.808000,28.768000
999,1997-01-10,"FEMALE","Apple","Grodnenskaya","Plan3",12.312000,18.407600
1000,1986-01-07,"FEMALE","Apple","Minsk","Plan1",20.712000,21.592000
